Concentration,NCI-H1755,NCI-H1755_1,NCI-H1755_2,NCI-H1703,NCI-H1703_2,NCI-H1703_3,NCI-H1703_4
-8,0.108753,0.234723,0.232022,0.608123,0.583828,0.877112,0.737481
-9,0.134873,0.26436,0.178919,0.915402,0.718702,0.734797,0.688087
-10,0.223119,0.417142,0.365603,0.993117,0.91362,0.948339,0.816159
-11,0.5093,0.78549,0.914239,1.134638,1.148228,1.020666,0.958857
-12,0.900592,1.57506,1.38848,1.145841,0.937224,0.975069,0.929442
-13,0.873503,1.645797,0.85934,1.083447,1.358457,0.766939,0.906787
